date,ticker,headlines,avg_sentiment
2026-09-23,ACES,5,0.8
2026-09-23,ADRO,5,0.4
2026-09-23,AKRA,3,0.0
2026-09-23,ANTM,4,0.0
2026-09-23,ASII,11,0.455
2026-09-23,BBCA,9,0.667
2026-09-23,BBNI,5,-0.2
2026-09-23,BBRI,9,0.222
2026-09-23,BMRI,6,0.333
2026-09-23,BRIS,1,0.0
2026-09-23,CPIN,1,1.0
2026-09-23,ICBP,1,0.0
2026-09-23,INCO,1,1.0
2026-09-23,INDF,1,0.0
2026-09-23,ISAT,1,0.0
2026-09-23,JPFA,2,0.0
2026-09-23,MARKET,121,0.017
2026-09-23,MEDC,4,0.5
2026-09-23,SMGR,1,0.0
2026-09-23,TLKM,1,0.0
2026-09-23,UNTR,9,0.444
2026-09-25,AMRT,3,1.0
2026-09-25,ANTM,1,-1.0
2026-09-25,ASII,8,0.375
2026-09-25,BBCA,4,0.25
2026-09-25,BBNI,1,-1.0
2026-09-25,BBRI,5,0.0
2026-09-25,BMRI,4,0.0
2026-09-25,CPIN,4,-0.25
2026-09-25,ICBP,4,-0.833
2026-09-25,INCO,3,-0.667
2026-09-25,INDF,1,-1.0
2026-09-25,ISAT,1,-1.0
2026-09-25,JPFA,1,0.0
2026-09-25,MAPI,1,-1.0
2026-09-25,MARKET,128,-0.188
2026-09-25,MEDC,5,-0.6
2026-09-25,PTBA,1,0.0
2026-09-25,TLKM,2,-0.5
2026-09-25,UNTR,3,0.667
2026-09-25,UNVR,1,0.0
2026-09-29,ACES,1,1.0
2026-09-29,ADRO,5,-0.6
2026-09-29,AKRA,2,0.0
2026-09-29,AMRT,3,0.0
2026-09-29,ANTM,3,-0.333
2026-09-29,ASII,7,0.143
2026-09-29,BBCA,10,0.0
2026-09-29,BBNI,1,0.0
2026-09-29,BBRI,8,0.0
2026-09-29,BMRI,7,0.143
2026-09-29,BRIS,1,0.0
2026-09-29,EXCL,1,-1.0
2026-09-29,INCO,1,-1.0
2026-09-29,INDF,2,0.0
2026-09-29,ISAT,1,1.0
2026-09-29,MAPI,1,0.0
2026-09-29,MARKET,88,-0.386
2026-09-29,MEDC,4,0.0
2026-09-29,PTBA,8,-0.25
2026-09-29,SMGR,1,0.0
2026-09-29,TLKM,3,-0.333
2026-09-29,UNTR,5,0.4
2026-09-29,UNVR,3,0.0
2026-09-30,ADRO,1,1.0
2026-09-30,AKRA,1,0.0
2026-09-30,AMRT,5,0.0
2026-09-30,ANTM,7,0.857
2026-09-30,BBCA,9,0.222
2026-09-30,BBRI,5,0.2
2026-09-30,BMRI,6,0.167
2026-09-30,BRIS,10,0.1
2026-09-30,EXCL,2,0.0
2026-09-30,ICBP,3,1.0
2026-09-30,INCO,1,1.0
2026-09-30,ISAT,8,0.0
2026-09-30,ITMG,1,-1.0
2026-09-30,JPFA,3,0.0
2026-09-30,MAPI,3,0.333
2026-09-30,MARKET,98,-0.02
2026-09-30,MEDC,7,0.0
2026-09-30,MYOR,3,-1.0
2026-09-30,PGAS,1,0.0
2026-09-30,PTBA,3,0.333
2026-09-30,SMGR,1,0.0
2026-09-30,TLKM,7,0.0
2026-09-30,TOWR,9,0.889
2026-09-30,UNTR,7,0.429
2026-09-30,UNVR,1,1.0
2026-10-02,ADRO,2,0.0
2026-10-02,AMRT,4,-0.25
2026-10-02,ANTM,4,0.5
2026-10-02,ASII,8,0.166
2026-10-02,BBCA,3,0.0
2026-10-02,BBRI,2,0.0
2026-10-02,BMRI,13,0.538
2026-10-02,BRIS,1,0.0
2026-10-02,CPIN,2,0.0
2026-10-02,ICBP,4,0.25
2026-10-02,ISAT,1,0.0
2026-10-02,JPFA,2,0.0
2026-10-02,KLBF,1,0.0
2026-10-02,MAPI,1,0.0
2026-10-02,MARKET,99,0.034
2026-10-02,MEDC,1,1.0
2026-10-02,MYOR,1,0.0
2026-10-02,PTBA,2,1.0
2026-10-02,SMGR,1,1.0
2026-10-02,TLKM,1,0.0
2026-10-02,TOWR,1,1.0
2026-10-02,UNTR,6,0.333
2026-10-02,UNVR,1,1.0
2026-10-06,ADRO,3,0.0
2026-10-06,AMRT,9,0.667
2026-10-06,ANTM,1,0.0
2026-10-06,ASII,10,0.7
2026-10-06,BBCA,3,0.333
2026-10-06,BBNI,2,0.0
2026-10-06,BBRI,3,0.667
2026-10-06,BMRI,2,1.0
2026-10-06,BRIS,1,1.0
2026-10-06,CPIN,1,0.0
2026-10-06,ICBP,3,0.667
2026-10-06,INCO,2,0.5
2026-10-06,INDF,1,0.0
2026-10-06,ISAT,1,0.0
2026-10-06,JPFA,1,0.0
2026-10-06,KLBF,2,1.0
2026-10-06,MARKET,105,0.457
2026-10-06,MEDC,1,1.0
2026-10-06,MYOR,1,-1.0
2026-10-06,PGAS,1,0.0
2026-10-06,PTBA,5,0.2
2026-10-06,TLKM,3,0.0
2026-10-06,UNVR,1,1.0
